sasdate,RPI,UNRATE,DPCERA3M086SBEA,GS5,CPIAUCSL
Transform:,5,2,5,2,6
1/1/59,2583.56,6,15.188,4.01,29.01
2/1/59,2593.596,5.9,15.346,3.96,29
3/1/59,2610.396,5.6,15.491,3.99,28.97
4/1/59,2627.446,5.2,15.435,4.12,28.98
5/1/59,2642.72,5.1,15.622,4.35,29.04
6/1/59,2650.841,5,15.679,4.5,29.11
7/1/59,2649.304,5.1,15.626,4.58,29.15
8/1/59,2634.369,5.2,15.72,4.57,29.18
9/1/59,2636.381,5.5,15.878,4.9,29.25
10/1/59,2639.735,5.7,15.77,4.72,29.35
11/1/59,2659.765,5.8,15.763,4.75,29.35
12/1/59,2687.012,5.3,15.745,5.01,29.41
1/1/60,2695.694,5.2,15.789,4.92,29.37
2/1/60,2698.789,4.8,15.858,4.69,29.41
3/1/60,2703.859,5.4,16.083,4.31,29.41
4/1/60,2713.243,5.2,16.331,4.29,29.54
5/1/60,2719.777,5.1,16.002,4.49,29.57
6/1/60,2721.855,5.4,15.998,4.12,29.61
7/1/60,2726.734,5.5,16.031,3.79,29.55
8/1/60,2722.383,5.6,16.016,3.62,29.61
9/1/60,2725.93,5.5,16.092,3.61,29.61
10/1/60,2733.981,6.1,16.17,3.76,29.75
11/1/60,2722.236,6.1,16.114,3.81,29.78
12/1/60,2709.794,6.6,15.916,3.67,29.81
1/1/61,2734.05,6.6,15.956,3.67,29.84
2/1/61,2744.703,6.9,16.014,3.66,29.84
3/1/61,2755.967,6.9,16.213,3.6,29.84
4/1/61,2761.873,7,16.221,3.57,29.81
5/1/61,2783.267,7.1,16.32,3.47,29.84
6/1/61,2809.575,6.9,16.359,3.81,29.84
7/1/61,2817.586,7,16.31,3.84,29.92
8/1/61,2819.181,6.6,16.368,3.96,29.94
9/1/61,2822.627,6.7,16.46,3.9,29.98
10/1/61,2850.442,6.5,16.563,3.8,29.98
11/1/61,2875.937,6.1,16.724,3.82,29.98
12/1/61,2893.211,6,16.84,3.91,30.01
1/1/62,2890.321,5.8,16.845,3.94,30.04
2/1/62,2902.573,5.5,16.837,3.89,30.11
3/1/62,2922.539,5.6,16.976,3.68,30.17
4/1/62,2937.504,5.6,17.035,3.6,30.21
5/1/62,2941.678,5.5,17.166,3.66,30.24
6/1/62,2945.739,5.5,17.08,3.64,30.21
7/1/62,2960.008,5.4,17.135,3.8,30.22
8/1/62,2964.773,5.7,17.183,3.71,30.28
9/1/62,2966.166,5.6,17.375,3.7,30.42
10/1/62,2981.84,5.4,17.289,3.64,30.38
11/1/62,2992.828,5.7,17.519,3.6,30.38
12/1/62,3006.868,5.5,17.617,3.56,30.38
1/1/63,3025.392,5.7,17.612,3.58,30.44
2/1/63,3009.442,5.9,17.546,3.66,30.48
3/1/63,3023.049,5.7,17.635,3.68,30.51
4/1/63,3031.344,5.7,17.699,3.74,30.48
5/1/63,3044.315,5.9,17.71,3.72,30.51
6/1/63,3058.664,5.6,17.881,3.81,30.61
7/1/63,3060.387,5.6,17.973,3.89,30.69
8/1/63,3071.095,5.4,18.037,3.89,30.75
9/1/63,3091.894,5.5,18.003,3.96,30.72
10/1/63,3109.05,5.5,17.993,3.97,30.75
11/1/63,3115.477,5.7,18.127,4.01,30.78
12/1/63,3140.08,5.5,18.343,4.04,30.88
1/1/64,3151.381,5.6,18.402,4.07,30.94
2/1/64,3164.424,5.4,18.532,4.03,30.91
3/1/64,3180.427,5.4,18.597,4.14,30.94
4/1/64,3199.779,5.3,18.63,4.15,30.95
5/1/64,3218.991,5.1,18.888,4.05,30.98
6/1/64,3230.324,5.2,18.996,4.02,31.01
7/1/64,3247.888,4.9,19.136,4.03,31.02
8/1/64,3266.271,5,19.251,4.05,31.05
9/1/64,3279.764,5.1,19.171,4.08,31.08
10/1/64,3281.585,5.1,19.296,4.07,31.12
11/1/64,3303.656,4.8,19.121,4.04,31.21
12/1/64,3336.322,5,19.306,4.09,31.25
1/1/65,3357.223,4.9,19.443,4.1,31.28
2/1/65,3359.115,5.1,19.753,4.15,31.28
3/1/65,3375.375,4.7,19.814,4.15,31.31
4/1/65,3389.254,4.8,19.955,4.15,31.38
5/1/65,3407.894,4.6,19.936,4.15,31.48
6/1/65,3417.802,4.6,19.77,4.15,31.61
7/1/65,3440.831,4.4,20.018,4.15,31.58
8/1/65,3455.192,4.4,20.165,4.2,31.55
9/1/65,3539.729,4.3,20.502,4.25,31.62
10/1/65,3524.562,4.2,20.789,4.34,31.65
11/1/65,3550.773,4.1,20.78,4.46,31.75
12/1/65,3569.718,4,20.823,4.72,31.85
1/1/66,3578.381,4,20.956,4.86,31.88
2/1/66,3596.166,3.8,21.097,4.98,32.08
3/1/66,3615.405,3.8,21.261,4.92,32.18
4/1/66,3612.477,3.8,21.272,4.83,32.28
5/1/66,3624.307,3.9,21.074,4.89,32.35
6/1/66,3642.069,3.8,21.13,4.97,32.38
7/1/66,3656.698,3.8,21.312,5.17,32.45
8/1/66,3675.041,3.8,21.345,5.5,32.65
9/1/66,3697.138,3.7,21.542,5.5,32.75
10/1/66,3712.521,3.7,21.448,5.27,32.85
11/1/66,3735.585,3.6,21.493,5.36,32.88
12/1/66,3734.371,3.8,21.527,5,32.92
1/1/67,3769.197,3.9,21.629,4.7,32.9
2/1/67,3773.752,3.8,21.549,4.74,33
3/1/67,3796.76,3.8,21.661,4.54,33
4/1/67,3793.589,3.8,21.867,4.51,33.1
5/1/67,3800.579,3.8,21.865,4.75,33.1
6/1/67,3815.624,3.9,21.994,5.01,33.3
7/1/67,3835.148,3.8,21.916,5.23,33.4
8/1/67,3853.272,3.8,21.981,5.31,33.5
9/1/67,3856.287,3.8,22.165,5.4,33.6
10/1/67,3861.274,4,21.957,5.57,33.7
11/1/67,3885.754,3.9,22.107,5.78,33.9
12/1/67,3896.582,3.8,22.402,5.75,34
1/1/68,3917.876,3.7,22.545,5.54,34.1
2/1/68,3947.741,3.8,22.568,5.59,34.2
3/1/68,3981.447,3.7,22.946,5.76,34.3
4/1/68,3999.257,3.5,22.861,5.69,34.4
5/1/68,4020.251,3.5,23.019,6.04,34.5
6/1/68,4038.787,3.7,23.216,5.85,34.7
7/1/68,4063.454,3.7,23.432,5.6,34.9
8/1/68,4082.154,3.5,23.496,5.5,35
9/1/68,4101.372,3.4,23.463,5.48,35.1
10/1/68,4108.359,3.4,23.502,5.55,35.3
11/1/68,4126.968,3.4,23.632,5.66,35.4
12/1/68,4143.746,3.4,23.574,6.12,35.6
1/1/69,4147.516,3.4,23.765,6.25,35.7
2/1/69,4166.874,3.4,23.916,6.34,35.8
3/1/69,4185.653,3.4,23.811,6.41,36.1
4/1/69,4195.731,3.4,23.908,6.3,36.3
5/1/69,4212.218,3.4,24.069,6.54,36.4
6/1/69,4226.625,3.5,23.976,6.75,36.6
7/1/69,4249.802,3.5,23.945,7.01,36.8
8/1/69,4276.349,3.5,24.165,7.03,36.9
9/1/69,4287.411,3.7,24.195,7.57,37.1
10/1/69,4295.402,3.7,24.32,7.51,37.3
11/1/69,4299.542,3.5,24.292,7.53,37.5
12/1/69,4308.572,3.5,24.27,7.96,37.7
1/1/70,4316.303,3.9,24.415,8.17,37.9
2/1/70,4326.879,4.2,24.522,7.82,38.1
3/1/70,4343.672,4.4,24.397,7.21,38.3
4/1/70,4386.888,4.6,24.416,7.5,38.5
5/1/70,4361.776,4.8,24.584,7.97,38.6
6/1/70,4375.408,4.9,24.667,7.85,38.8
7/1/70,4399.934,5,24.661,7.59,38.9
8/1/70,4411.13,5.1,24.765,7.57,39
9/1/70,4408.024,5.4,24.887,7.29,39.2
10/1/70,4392.764,5.5,24.736,7.12,39.4
11/1/70,4388.306,5.9,24.573,6.47,39.6
12/1/70,4403.338,6.1,24.802,5.95,39.8
1/1/71,4441.241,5.9,25.142,5.89,39.9
2/1/71,4450.084,5.9,25.189,5.56,39.9
3/1/71,4464.048,6,25.202,5,40
4/1/71,4475.918,5.9,25.353,5.65,40.1
5/1/71,4493.209,5.9,25.335,6.28,40.3
6/1/71,4577.424,5.9,25.539,6.53,40.5
7/1/71,4520.323,6,25.43,6.85,40.6
8/1/71,4535.789,6.1,25.575,6.55,40.7
9/1/71,4562.531,6,25.83,6.14,40.8
10/1/71,4575.168,5.8,25.893,5.93,40.9
11/1/71,4598.431,6,26.024,5.78,41
12/1/71,4622.5,6,26.192,5.69,41.1
1/1/72,4644.778,5.8,26.196,5.59,41.2
2/1/72,4682.524,5.7,26.259,5.69,41.4
3/1/72,4712.202,5.8,26.686,5.87,41.4
4/1/72,4718.611,5.7,26.764,6.17,41.5
5/1/72,4738.426,5.7,26.898,5.85,41.6
6/1/72,4751.74,5.7,26.985,5.91,41.7
7/1/72,4780.516,5.6,27.184,5.97,41.8
8/1/72,4824.896,5.6,27.33,6.02,41.9
9/1/72,4843.175,5.5,27.377,6.25,42.1
10/1/72,4954.863,5.6,27.829,6.18,42.2
11/1/72,5005.278,5.3,27.938,6.12,42.4
12/1/72,5023.731,5.2,28.045,6.16,42.5
1/1/73,5003.812,4.9,28.319,6.34,42.7
2/1/73,5022.151,5,28.493,6.6,43
3/1/73,5028.119,4.9,28.53,6.8,43.4
4/1/73,5037.899,5,28.418,6.67,43.7
5/1/73,5059.894,4.9,28.478,6.8,43.9
6/1/73,5074.122,4.9,28.407,6.69,44.2
7/1/73,5089.133,4.8,28.633,7.33,44.2
8/1/73,5074.021,4.8,28.278,7.63,45
9/1/73,5104.199,4.8,28.693,7.05,45.2
10/1/73,5148.7,4.6,28.496,6.77,45.6
11/1/73,5160.48,4.8,28.547,6.92,45.9
12/1/73,5146.807,4.9,28.305,6.8,46.3
1/1/74,5102.933,5.1,28.289,6.95,46.8
2/1/74,5072.291,5.2,28.126,6.82,47.3
3/1/74,5039.098,5.1,28.17,7.31,47.8
4/1/74,5036.13,5.1,28.264,7.92,48.1
5/1/74,5040.703,5.1,28.346,8.18,48.6
6/1/74,5037.213,5.4,28.279,8.1,49
7/1/74,5057.141,5.5,28.372,8.38,49.3
8/1/74,5048.655,5.5,28.584,8.63,49.9
9/1/74,5043.366,5.9,28.298,8.37,50.6
10/1/74,5059.64,6,28.22,7.97,51
11/1/74,5029.511,6.6,27.921,7.68,51.5
12/1/74,5026.41,7.2,27.867,7.31,51.9
1/1/75,5021.74,8.1,28.094,7.41,52.3
2/1/75,5019.3,8.1,28.339,7.11,52.6
3/1/75,5022.998,8.6,28.279,7.3,52.8
4/1/75,5029.124,8.8,28.311,7.99,53
5/1/75,5059.831,9,28.877,7.72,53.1
6/1/75,5148.088,8.8,28.918,7.51,53.5
7/1/75,5091.326,8.6,29.035,7.92,54
8/1/75,5129.306,8.4,29.11,8.33,54.2
9/1/75,5141.395,8.4,29.184,8.37,54.6
10/1/75,5165.514,8.4,29.182,7.97,54.9
11/1/75,5165.194,8.3,29.403,7.8,55.3
12/1/75,5172.774,8.2,29.684,7.76,55.6
1/1/76,5206.807,7.9,29.978,7.46,55.8
2/1/76,5237.103,7.7,29.953,7.45,55.9
3/1/76,5250.841,7.6,30.102,7.49,56
4/1/76,5271.098,7.7,30.317,7.25,56.1
5/1/76,5277.153,7.4,30.1,7.59,56.4
6/1/76,5284.953,7.6,30.444,7.61,56.7
7/1/76,5317.491,7.8,30.532,7.49,57
8/1/76,5332.551,7.8,30.586,7.31,57.3
9/1/76,5337.168,7.6,30.7,7.13,57.6
10/1/76,5335.461,7.7,30.748,6.75,57.9
11/1/76,5382.241,7.8,30.926,6.52,58.1
12/1/76,5398.735,7.8,31.336,6.1,58.4
1/1/77,5372.549,7.5,31.246,6.58,58.7
2/1/77,5389.96,7.6,31.42,6.83,59.3
3/1/77,5413.846,7.4,31.441,6.93,59.6
4/1/77,5437.2,7.2,31.485,6.79,60
5/1/77,5450.793,7,31.572,6.94,60.2
6/1/77,5459.172,7.2,31.56,6.76,60.5
7/1/77,5489.51,6.9,31.816,6.84,60.8
8/1/77,5511.046,7,31.798,7.03,61.1
9/1/77,5545.405,6.8,31.897,7.04,61.3
10/1/77,5593.319,6.8,32.164,7.32,61.6
11/1/77,5637.491,6.8,32.36,7.34,62
12/1/77,5662.417,6.4,32.424,7.48,62.3
1/1/78,5642.502,6.4,32.077,7.77,62.7
2/1/78,5667.791,6.3,32.545,7.83,63
3/1/78,5700.022,6.3,32.87,7.86,63.4
4/1/78,5732.667,6.1,33.068,7.98,63.9
5/1/78,5739.268,6,33.2,8.18,64.5
6/1/78,5760.201,5.9,33.308,8.36,65
7/1/78,5791.884,6.2,33.15,8.54,65.5
8/1/78,5818.097,5.9,33.449,8.33,65.9
9/1/78,5825.741,6,33.395,8.43,66.5
10/1/78,5847.005,5.8,33.452,8.61,67.1
11/1/78,5857.195,5.9,33.573,8.84,67.5
12/1/78,5890.505,6,33.776,9.08,67.9
1/1/79,5910.093,5.9,33.654,9.2,68.5
2/1/79,5933.423,5.9,33.818,9.13,69.2
3/1/79,5951.404,5.8,33.851,9.2,69.9
4/1/79,5903.905,5.8,33.66,9.25,70.6
5/1/79,5883.494,5.6,33.755,9.24,71.4
6/1/79,5880.39,5.7,33.842,8.85,72.2
7/1/79,5924.962,5.7,33.809,8.9,73
8/1/79,5934.384,6,34.175,9.06,73.7
9/1/79,5934.022,5.9,34.259,9.41,74.4
10/1/79,5934.119,6,34.142,10.63,75.2
11/1/79,5953.221,5.9,34.229,10.93,76
12/1/79,5968.38,6,34.127,10.42,76.9
1/1/80,5976.816,6.3,34.401,10.74,78
2/1/80,5949.587,6.3,34.114,12.6,79
3/1/80,5918.133,6.3,33.836,13.47,80.1
4/1/80,5911.122,6.9,33.405,11.84,80.9
5/1/80,5892.81,7.5,33.242,9.95,81.7
6/1/80,5906.964,7.6,33.398,9.21,82.5
7/1/80,5950.966,7.8,33.685,9.53,82.6
8/1/80,5963.437,7.7,33.725,10.84,83.2
9/1/80,5989.16,7.5,33.732,11.62,83.9
10/1/80,6040.861,7.5,34.153,11.86,84.7
11/1/80,6055.398,7.5,34.058,12.83,85.6
12/1/80,6084.759,7.2,34.299,13.25,86.4
1/1/81,6065.141,7.5,34.308,12.77,87.2
2/1/81,6048.204,7.4,34.222,13.41,88
3/1/81,6067.35,7.4,34.322,13.41,88.6
4/1/81,6056.169,7.2,34.199,13.99,89.1
5/1/81,6074.295,7.5,34.215,14.63,89.7
6/1/81,6107.73,7.5,34.447,13.95,90.5
7/1/81,6199.452,7.2,34.376,14.79,91.5
8/1/81,6222.937,7.4,34.594,15.56,92.2
9/1/81,6213.748,7.6,34.367,15.93,93.1
10/1/81,6190.074,7.9,34.183,15.41,93.4
11/1/81,6197.172,8.3,34.118,13.38,93.8
12/1/81,6193.277,8.5,34.328,13.6,94.1
1/1/82,6179.452,8.6,34.267,14.65,94.4
2/1/82,6205.602,8.9,34.578,14.54,94.7
3/1/82,6201.39,9,34.54,13.98,94.7
4/1/82,6244.64,9.3,34.56,14,95
5/1/82,6244.365,9.4,34.664,13.75,95.9
6/1/82,6223.394,9.6,34.476,14.43,97
7/1/82,6223.874,9.8,34.678,14.07,97.5
8/1/82,6236.193,9.8,34.703,13,97.7
9/1/82,6233.608,10.1,35.015,12.25,97.7
10/1/82,6229.736,10.4,35.169,10.8,98.1
11/1/82,6253.827,10.8,35.452,10.38,98
12/1/82,6286.221,10.8,35.603,10.22,97.7
1/1/83,6279.297,10.4,35.639,10.03,97.9
2/1/83,6283.89,10.4,35.63,10.26,98
3/1/83,6314.258,10.3,36.005,10.08,98.1
4/1/83,6319.274,10.2,36.226,10.02,98.8
5/1/83,6351.636,10.1,36.441,10.03,99.2
6/1/83,6360.3,10.1,36.792,10.63,99.4
7/1/83,6378.268,9.4,37.042,11.21,99.8
8/1/83,6369.041,9.5,37.14,11.63,100.1
9/1/83,6412.175,9.2,37.24,11.43,100.4
10/1/83,6473.198,8.8,37.538,11.28,100.8
11/1/83,6524.235,8.5,37.623,11.41,101.1
12/1/83,6581.287,8.3,38.036,11.54,101.4
1/1/84,6603.03,8,38.277,11.37,102.1
2/1/84,6639.713,7.8,37.772,11.54,102.6
3/1/84,6679.057,7.8,38.087,12.02,102.9
4/1/84,6721.247,7.7,38.348,12.37,103.3
5/1/84,6735.713,7.4,38.564,13.17,103.5
6/1/84,6785.832,7.2,38.824,13.48,103.7
7/1/84,6800.935,7.5,38.669,13.27,104.1
8/1/84,6845.315,7.5,38.822,12.68,104.4
9/1/84,6897.723,7.3,39.103,12.53,104.7
10/1/84,6877.638,7.4,38.973,12.06,105.1
11/1/84,6913.808,7.2,39.535,11.33,105.3
12/1/84,6960.651,7.3,39.596,11.07,105.5
1/1/85,6953.088,7.3,39.951,10.93,105.7
2/1/85,6958.565,7.2,40.1,11.13,106.3
3/1/85,6988.108,7.2,40.06,11.52,106.8
4/1/85,6975.177,7.3,40.169,11.01,107
5/1/85,6990.38,7.2,40.63,10.34,107.2
6/1/85,7015.149,7.4,40.415,9.6,107.5
7/1/85,7025.338,7.4,40.71,9.7,107.7
8/1/85,7025.068,7.1,41.12,9.81,107.9
9/1/85,7057.327,7.1,41.685,9.81,108.1
10/1/85,7091.229,7.1,41.037,9.69,108.5
11/1/85,7102.139,7,41.146,9.28,109
12/1/85,7145.546,7,41.601,8.73,109.5
1/1/86,7140.925,6.7,41.643,8.68,109.9
2/1/86,7176.182,7.2,41.54,8.34,109.7
3/1/86,7243.924,7.2,41.682,7.46,109.1
4/1/86,7267.821,7.1,41.939,7.05,108.7
5/1/86,7275.711,7.2,42.191,7.52,109
6/1/86,7277.787,7.2,42.096,7.64,109.4
7/1/86,7312.343,7,42.373,7.06,109.5
8/1/86,7327.756,6.9,42.576,6.8,109.6
9/1/86,7334.44,7,43.509,6.92,110
10/1/86,7336.284,7,42.862,6.83,110.2
11/1/86,7347.933,6.9,42.72,6.76,110.4
12/1/86,7373.793,6.6,43.662,6.67,110.8
1/1/87,7361.633,6.6,42.566,6.64,111.4
2/1/87,7383.378,6.6,43.374,6.79,111.8
3/1/87,7400.008,6.6,43.426,6.79,112.2
4/1/87,7394.617,6.3,43.632,7.57,112.7
5/1/87,7439.064,6.3,43.658,8.26,113
6/1/87,7432.017,6.2,43.841,8.02,113.5
7/1/87,7457.261,6.1,44.054,8.01,113.8
8/1/87,7496.646,6,44.391,8.32,114.3
9/1/87,7503.262,5.9,44.182,8.94,114.7
10/1/87,7552.866,6,44.155,9.08,115
11/1/87,7589.74,5.8,44.207,8.35,115.4
12/1/87,7675.619,5.7,44.545,8.45,115.6
1/1/88,7669.267,5.7,44.927,8.18,116
2/1/88,7703.832,5.7,44.969,7.71,116.2
3/1/88,7724.295,5.7,45.359,7.83,116.5
4/1/88,7744.299,5.4,45.173,8.19,117.2
5/1/88,7751.91,5.6,45.466,8.58,117.5
6/1/88,7779.471,5.4,45.615,8.49,118
7/1/88,7814.33,5.4,45.725,8.66,118.5
8/1/88,7834.98,5.6,45.934,8.94,119
9/1/88,7850.303,5.4,45.806,8.69,119.5
10/1/88,7894.044,5.4,46.181,8.51,119.9
11/1/88,7896.3,5.3,46.298,8.79,120.3
12/1/88,7936.204,5.3,46.55,9.09,120.7
1/1/89,8007.589,5.4,46.633,9.15,121.2
2/1/89,8030.962,5.2,46.535,9.27,121.6
3/1/89,8072.817,5,46.505,9.51,122.2
4/1/89,8041.025,5.2,46.781,9.3,123.1
5/1/89,8006.298,5.2,46.726,8.91,123.7
6/1/89,8028.717,5.3,46.818,8.29,124.1
7/1/89,8055.26,5.2,46.957,7.83,124.5
8/1/89,8072.841,5.2,47.408,8.09,124.5
9/1/89,8095.196,5.3,47.319,8.17,124.8
10/1/89,8134.089,5.3,47.287,7.97,125.4
11/1/89,8142.33,5.4,47.31,7.81,125.9
12/1/89,8149.087,5.4,47.702,7.75,126.3
1/1/90,8170.022,5.4,47.94,8.12,127.5
2/1/90,8195.397,5.3,47.698,8.42,128
3/1/90,8203.337,5.2,47.859,8.6,128.6
4/1/90,8255.647,5.4,47.95,8.77,128.9
5/1/90,8246.75,5.4,47.916,8.74,129.1
6/1/90,8260.44,5.2,48.068,8.43,129.9
7/1/90,8288.531,5.5,48.166,8.33,130.5
8/1/90,8236.691,5.7,48.181,8.44,131.6
9/1/90,8233.907,5.9,48.158,8.51,132.5
10/1/90,8167.115,5.9,47.889,8.33,133.4
11/1/90,8168.212,6.2,47.845,8.02,133.7
12/1/90,8210.825,6.3,47.67,7.73,134.2
1/1/91,8157.383,6.4,47.241,7.7,134.7
2/1/91,8164.096,6.6,47.533,7.47,134.8
3/1/91,8176.58,6.8,48.092,7.77,134.8
4/1/91,8208.244,6.7,47.933,7.7,135.1
5/1/91,8209.444,6.9,48.055,7.7,135.6
6/1/91,8252.295,6.9,48.063,7.94,136
7/1/91,8233.054,6.8,48.297,7.91,136.2
8/1/91,8248.575,6.9,48.224,7.43,136.6
9/1/91,8273.586,6.9,48.247,7.14,137
10/1/91,8284.054,7,48.053,6.87,137.2
11/1/91,8296.928,7,48.28,6.62,137.8
12/1/91,8365.723,7.3,48.363,6.19,138.2
1/1/92,8405.155,7.3,49.068,6.24,138.3
2/1/92,8444.994,7.4,49.123,6.58,138.6
3/1/92,8457.388,7.4,49.213,6.95,139.1
4/1/92,8487.783,7.4,49.254,6.78,139.4
5/1/92,8531.932,7.6,49.509,6.69,139.7
6/1/92,8566.719,7.8,49.643,6.48,140.1
7/1/92,8559.118,7.7,49.808,5.84,140.5
8/1/92,8591.676,7.6,49.932,5.6,140.8
9/1/92,8558.368,7.6,50.257,5.38,141.1
10/1/92,8515.933,7.3,50.426,5.6,141.7
11/1/92,8534.33,7.4,50.512,6.04,142.1
12/1/92,8845.712,7.4,50.845,6.08,142.3
1/1/93,8602.353,7.3,50.772,5.83,142.8
2/1/93,8642.143,7.1,50.866,5.43,143.1
3/1/93,8619.726,7,50.728,5.19,143.3
4/1/93,8684.645,7.1,51.07,5.13,143.8
5/1/93,8682.682,7.1,51.248,5.2,144.2
6/1/93,8671.95,7,51.434,5.22,144.3
7/1/93,8699.937,6.9,51.687,5.09,144.5
8/1/93,8718.737,6.8,51.739,5.03,144.8
9/1/93,8699.123,6.7,52.036,4.73,145
10/1/93,8662.656,6.8,52.117,4.71,145.6
11/1/93,8684.88,6.6,52.263,5.06,146
12/1/93,8986.914,6.5,52.447,5.15,146.3
1/1/94,8808.902,6.6,52.59,5.09,146.3
2/1/94,8817.405,6.6,53.012,5.4,146.7
3/1/94,8840.918,6.5,53.019,5.94,147.1
4/1/94,8923.036,6.4,53.243,6.52,147.2
5/1/94,8941.155,6.1,53.147,6.78,147.5
6/1/94,8929.074,6.1,53.465,6.7,147.9
7/1/94,8944.497,6.1,53.43,6.91,148.4
8/1/94,8957.46,6,53.782,6.88,149
9/1/94,8996.696,5.9,53.862,7.08,149.3
10/1/94,9076.95,5.8,54.197,7.4,149.4
11/1/94,9074.779,5.6,54.237,7.72,149.8
12/1/94,9117.741,5.5,54.381,7.78,150.1
1/1/95,9159.706,5.6,54.379,7.76,150.5
2/1/95,9180.168,5.4,54.278,7.37,150.9
3/1/95,9203.415,5.4,54.564,7.05,151.2
4/1/95,9214.181,5.8,54.475,6.86,151.8
5/1/95,9221.249,5.6,54.869,6.41,152.1
6/1/95,9255.248,5.6,55.308,5.93,152.4
7/1/95,9286.334,5.7,55.158,6.01,152.6
8/1/95,9299.788,5.7,55.428,6.24,152.9
9/1/95,9335.583,5.6,55.558,6,153.1
10/1/95,9349.228,5.5,55.342,5.86,153.5
11/1/95,9379.567,5.6,55.803,5.69,153.7
12/1/95,9396.526,5.6,56.158,5.51,153.9
1/1/96,9428.309,5.6,55.905,5.36,154.7
2/1/96,9506.777,5.5,56.334,5.38,155
3/1/96,9539.993,5.5,56.607,5.97,155.5
4/1/96,9565.104,5.6,56.816,6.3,156.1
5/1/96,9606.394,5.6,56.89,6.48,156.4
6/1/96,9670.238,5.3,56.956,6.69,156.7
7/1/96,9650.331,5.5,57.077,6.64,157
8/1/96,9681.266,5.1,57.273,6.39,157.2
9/1/96,9708.672,5.2,57.346,6.6,157.7
10/1/96,9710.076,5.2,57.516,6.27,158.2
11/1/96,9741.024,5.4,57.659,5.97,158.7
12/1/96,9778.588,5.4,57.888,6.07,159.1
1/1/97,9834.79,5.3,58.162,6.33,159.4
2/1/97,9865.668,5.2,58.285,6.2,159.7
3/1/97,9912.112,5.2,58.441,6.54,159.8
4/1/97,9919.423,5.1,58.438,6.76,159.9
5/1/97,9964.583,4.9,58.474,6.57,159.9
6/1/97,10000.824,5,58.763,6.38,160.2
7/1/97,10045.882,4.9,59.312,6.12,160.4
8/1/97,10105.556,4.8,59.672,6.16,160.8
9/1/97,10136.11,4.9,59.684,6.11,161.2
10/1/97,10189.34,4.7,59.989,5.93,161.5
11/1/97,10262.137,4.6,60.235,5.8,161.7
12/1/97,10325.103,4.7,60.579,5.77,161.8
1/1/98,10417.404,4.6,60.525,5.42,162
2/1/98,10490.223,4.6,60.918,5.49,162
3/1/98,10555.838,4.7,61.189,5.61,162
4/1/98,10595.962,4.3,61.516,5.61,162.2
5/1/98,10645.347,4.4,61.961,5.63,162.6
6/1/98,10707.166,4.5,62.372,5.52,162.8
7/1/98,10726.5,4.5,62.412,5.46,163.2
8/1/98,10767.064,4.5,62.697,5.27,163.4
9/1/98,10803.967,4.6,63.163,4.62,163.5
10/1/98,10823.508,4.5,63.376,4.18,163.9
11/1/98,10874.887,4.4,63.548,4.54,164.1
12/1/98,10900.473,4.4,64.067,4.45,164.4
1/1/99,10942.984,4.3,64.013,4.6,164.7
2/1/99,10988.184,4.4,64.316,4.91,164.7
3/1/99,11000.779,4.2,64.624,5.14,164.8
4/1/99,10969.064,4.3,65.011,5.08,165.9
5/1/99,10994.059,4.2,65.311,5.44,166
6/1/99,11033.786,4.3,65.586,5.81,166
7/1/99,11061.061,4.3,65.697,5.68,166.7
8/1/99,11111.719,4.2,66.041,5.84,167.1
9/1/99,11105.537,4.2,66.372,5.8,167.8
10/1/99,11171.257,4.1,66.518,6.03,168.1
11/1/99,11247.83,4.1,66.845,5.97,168.4
12/1/99,11339.82,4,67.645,6.19,168.8
1/1/00,11441.669,4,67.481,6.58,169.3
2/1/00,11488.814,4.1,68.116,6.68,170
3/1/00,11520.777,4,68.451,6.5,171
4/1/00,11582.719,3.8,68.431,6.26,170.9
5/1/00,11624.34,4,68.688,6.69,171.2
6/1/00,11657.461,4,68.834,6.3,172.2
7/1/00,11719.57,4,68.882,6.18,172.7
8/1/00,11783.694,4.1,69.236,6.06,172.7
9/1/00,11794.536,3.9,69.808,5.93,173.6
10/1/00,11824.829,3.9,69.765,5.78,173.9
11/1/00,11832.213,3.9,69.829,5.7,174.2
12/1/00,11859.86,3.9,70.149,5.17,174.6
1/1/01,11932.006,4.2,70.164,4.86,175.6
2/1/01,11960.086,4.2,70.199,4.89,176
3/1/01,12003.752,4.3,70.141,4.64,176.1
4/1/01,11981.996,4.4,70.094,4.76,176.4
5/1/01,11953.393,4.3,70.394,4.93,177.3
6/1/01,11940.34,4.5,70.438,4.81,177.7
7/1/01,11940.991,4.6,70.588,4.76,177.4
8/1/01,11924.877,4.9,70.989,4.57,177.4
9/1/01,11930.997,5,70.084,4.12,178.1
10/1/01,11904.934,5.3,71.89,3.91,177.6
11/1/01,11910.073,5.5,71.633,3.97,177.5
12/1/01,11929.854,5.7,71.552,4.39,177.4
1/1/02,11952.127,5.7,71.667,4.34,177.7
2/1/02,11953.58,5.7,71.951,4.3,178
3/1/02,11946.054,5.7,71.937,4.74,178.5
4/1/02,11960.946,5.9,72.321,4.65,179.3
5/1/02,11993.987,5.8,72.041,4.49,179.5
6/1/02,12023.36,5.8,72.283,4.19,179.6
7/1/02,11987.388,5.8,72.762,3.81,180
8/1/02,11987.158,5.7,72.868,3.29,180.5
9/1/02,11994.021,5.7,72.531,2.94,180.8
10/1/02,12014.38,5.7,72.827,2.95,181.2
11/1/02,12040.567,5.9,73.035,3.05,181.5
12/1/02,12067.267,6,73.513,3.03,181.8
1/1/03,12033.66,5.8,73.503,3.05,182.6
2/1/03,11991.075,5.9,73.266,2.9,183.6
3/1/03,12008.784,5.9,73.687,2.78,183.9
4/1/03,12058.25,6,74.035,2.93,183.2
5/1/03,12147.017,6.1,74.273,2.52,182.9
6/1/03,12186.558,6.3,74.671,2.27,183.1
7/1/03,12197.554,6.2,75.008,2.87,183.7
8/1/03,12216.821,6.1,75.672,3.37,184.5
9/1/03,12234.634,6.1,75.452,3.18,185.1
10/1/03,12281.469,6,75.574,3.19,184.9
11/1/03,12352.377,5.8,76.008,3.29,185
12/1/03,12356.981,5.7,76.108,3.27,185.5
1/1/04,12332.995,5.7,76.355,3.12,186.3
2/1/04,12349.224,5.6,76.51,3.07,186.7
3/1/04,12393.884,5.8,76.947,2.79,187.1
4/1/04,12433.863,5.6,76.884,3.39,187.4
5/1/04,12499.431,5.6,77.289,3.85,188.2
6/1/04,12511.921,5.6,76.892,3.93,188.9
7/1/04,12556.147,5.5,77.568,3.69,189.1
8/1/04,12606.222,5.4,77.855,3.47,189.2
9/1/04,12621.706,5.4,78.358,3.36,189.8
10/1/04,12628.422,5.5,78.542,3.35,190.8
11/1/04,12595.005,5.4,78.683,3.53,191.7
12/1/04,13020.595,5.4,79.199,3.6,191.7
1/1/05,12665.162,5.3,79.033,3.71,191.6
2/1/05,12674.095,5.4,79.383,3.77,192.4
3/1/05,12716.359,5.2,79.51,4.17,193.1
4/1/05,12759.492,5.2,80.026,4,193.7
5/1/05,12815.998,5.1,79.917,3.85,193.6
6/1/05,12849.466,5,80.62,3.77,193.7
7/1/05,12868.735,5,81.199,3.98,194.9
8/1/05,12891.416,4.9,80.839,4.12,196.1
9/1/05,12850.144,5,80.521,4.01,198.8
10/1/05,12925.11,5,80.738,4.33,199.1
11/1/05,13010.071,5,80.976,4.45,198.1
12/1/05,13055.374,4.9,81.292,4.39,198.1
1/1/06,13214.527,4.7,81.714,4.35,199.3
2/1/06,13283.182,4.8,81.885,4.57,199.4
3/1/06,13340.072,4.7,82.057,4.72,199.7
4/1/06,13347.045,4.7,82.203,4.9,200.7
5/1/06,13336.874,4.6,82.341,5,201.3
6/1/06,13353.303,4.6,82.386,5.07,201.8
7/1/06,13342.387,4.7,82.851,5.04,202.9
8/1/06,13329.621,4.7,82.576,4.82,203.8
9/1/06,13408.301,4.5,83.088,4.67,202.8
10/1/06,13479.95,4.4,83.447,4.69,201.9
11/1/06,13547.935,4.5,83.477,4.58,202
12/1/06,13627.346,4.4,83.961,4.53,203.1
1/1/07,13651.743,4.6,84.127,4.75,203.437
2/1/07,13711.191,4.5,84.106,4.71,204.226
3/1/07,13762.811,4.4,84.2,4.48,205.288
4/1/07,13784.697,4.5,84.281,4.59,205.904
5/1/07,13791.861,4.4,84.405,4.67,206.755
6/1/07,13786.416,4.6,84.409,5.03,207.234
7/1/07,13795.953,4.7,84.666,4.88,207.603
8/1/07,13795.066,4.6,85.023,4.43,207.667
9/1/07,13813.791,4.7,85.095,4.2,208.547
10/1/07,13796.513,4.7,85.162,4.2,209.19
11/1/07,13787.506,4.7,85.34,3.67,210.834
12/1/07,13846.539,5,85.286,3.49,211.445
1/1/08,13862.766,5,85.272,2.98,212.174
2/1/08,13877.177,4.9,84.977,2.78,212.687
3/1/08,13893.695,5.1,85.189,2.48,213.448
4/1/08,13854.44,5,85.327,2.84,213.942
5/1/08,14441.892,5.4,85.486,3.15,215.208
6/1/08,14094.894,5.6,85.328,3.49,217.463
7/1/08,13867.615,5.8,84.917,3.3,219.016
8/1/08,13780.34,6.1,84.907,3.14,218.69
9/1/08,13789.923,6.1,84.343,2.88,218.877
10/1/08,13883.254,6.5,84.213,2.73,216.995
11/1/08,13982.019,6.8,83.955,2.29,213.153
12/1/08,13891.878,7.3,83.711,1.52,211.398
1/1/09,13762.24,7.8,84.092,1.6,211.933
2/1/09,13603.699,8.3,83.747,1.87,212.705
3/1/09,13570.847,8.7,83.401,1.82,212.495
4/1/09,13601.477,9,83.277,1.86,212.709
5/1/09,13779.884,9.4,83.353,2.13,213.022
6/1/09,13544.781,9.5,83.376,2.71,214.79
7/1/09,13493.206,9.5,83.654,2.46,214.726
8/1/09,13468.487,9.6,84.406,2.57,215.445
9/1/09,13502.606,9.8,83.627,2.37,215.861
10/1/09,13460.827,10,83.722,2.33,216.509
11/1/09,13494.222,9.9,83.588,2.23,217.234
12/1/09,13551.644,9.9,84.099,2.34,217.347
1/1/10,13610.249,9.8,83.945,2.48,217.488
2/1/10,13610.405,9.8,84.259,2.36,217.281
3/1/10,13661.363,9.9,84.662,2.43,217.353
4/1/10,13776.728,9.9,84.835,2.58,217.403
5/1/10,13885.106,9.6,85.046,2.18,217.29
6/1/10,13898.726,9.4,85.253,2,217.199
7/1/10,13928.888,9.4,85.486,1.76,217.605
8/1/10,13980.745,9.5,85.693,1.47,217.923
9/1/10,13989.519,9.5,85.774,1.41,218.275
10/1/10,14000.339,9.4,85.993,1.18,219.035
11/1/10,14018.501,9.8,86.211,1.35,219.59
12/1/10,14104.762,9.3,86.325,1.93,220.472
1/1/11,14289.288,9.1,86.422,1.99,221.187
2/1/11,14331.186,9,86.398,2.26,221.898
3/1/11,14298.318,9,86.697,2.11,223.046
4/1/11,14275.294,9.1,86.594,2.17,224.093
5/1/11,14260.443,9,86.494,1.84,224.806
6/1/11,14324.383,9.1,86.695,1.58,224.806
7/1/11,14386.123,9,86.846,1.54,225.395
8/1/11,14378.666,9,86.793,1.02,226.106
9/1/11,14359.76,9,86.936,0.9,226.597
10/1/11,14364.71,8.8,87.093,1.06,226.75
11/1/11,14349.583,8.6,86.946,0.91,227.169
12/1/11,14479.33,8.5,86.985,0.89,227.223
1/1/12,14518.055,8.3,87.321,0.84,227.842
2/1/12,14591.389,8.3,87.85,0.83,228.329
3/1/12,14635.02,8.2,87.735,1.02,228.807
4/1/12,14689.558,8.2,87.816,0.89,229.187
5/1/12,14687.217,8.2,87.822,0.76,228.713
6/1/12,14680.673,8.2,87.73,0.71,228.524
7/1/12,14586.106,8.2,87.914,0.62,228.59
8/1/12,14553.669,8.1,87.932,0.71,229.918
9/1/12,14662.932,7.8,88.056,0.67,231.015
10/1/12,14761.628,7.8,88.05,0.71,231.638
11/1/12,14962.471,7.7,88.434,0.67,231.249
12/1/12,15333.647,7.9,88.47,0.7,231.221
1/1/13,14568.746,8,88.864,0.81,231.679
2/1/13,14539.752,7.7,88.849,0.85,232.937
3/1/13,14590.576,7.5,88.963,0.82,232.282
4/1/13,14650.083,7.6,88.983,0.71,231.797
5/1/13,14720.7,7.5,89.237,0.84,231.893
6/1/13,14720.82,7.5,89.219,1.2,232.445
7/1/13,14690.118,7.3,89.329,1.4,232.9
8/1/13,14715.624,7.2,89.464,1.52,233.456
9/1/13,14776.266,7.2,89.733,1.6,233.544
10/1/13,14726.182,7.2,90.023,1.37,233.669
11/1/13,14763.876,6.9,90.393,1.37,234.1
12/1/13,14797.116,6.7,90.475,1.58,234.719
1/1/14,14872.775,6.6,90.176,1.65,235.288
2/1/14,14955.901,6.7,90.586,1.52,235.547
3/1/14,15033.859,6.7,91.104,1.64,236.028
4/1/14,15078.809,6.2,91.253,1.7,236.468
5/1/14,15120.855,6.3,91.451,1.59,236.918
6/1/14,15177.06,6.1,91.772,1.68,237.231
7/1/14,15218.177,6.2,91.971,1.7,237.498
8/1/14,15295.125,6.1,92.596,1.63,237.46
9/1/14,15348.309,5.9,92.623,1.77,237.477
10/1/14,15426.259,5.7,93.217,1.55,237.43
11/1/14,15514.307,5.8,93.454,1.62,236.983
12/1/14,15620.73,5.6,93.713,1.64,236.252
1/1/15,15758.015,5.7,93.936,1.37,234.747
2/1/15,15815.476,5.5,94.158,1.47,235.342
3/1/15,15786.489,5.4,94.441,1.52,235.976
4/1/15,15833.624,5.4,94.614,1.35,236.222
5/1/15,15866.779,5.6,94.899,1.54,237.001
6/1/15,15873.338,5.3,94.966,1.68,237.657
7/1/15,15899.39,5.2,95.319,1.63,238.034
8/1/15,15930.975,5.1,95.554,1.54,238.033
9/1/15,15973.484,5,95.61,1.49,237.498
10/1/15,16012.028,5,95.676,1.39,237.733
11/1/15,16009.52,5.1,95.835,1.67,238.017
12/1/15,16077.429,5,96.138,1.7,237.761
1/1/16,16098.568,4.8,96.299,1.52,237.652
2/1/16,16107.427,4.9,96.941,1.22,237.336
3/1/16,16106.421,5,96.58,1.38,238.08
4/1/16,16081.685,5.1,96.836,1.26,238.992
5/1/16,16074.046,4.8,96.995,1.3,239.557
6/1/16,16090.905,4.9,97.426,1.17,240.222
7/1/16,16159.383,4.8,97.604,1.07,240.101
8/1/16,16177.334,4.9,97.709,1.13,240.545
9/1/16,16215.456,5,97.97,1.18,241.176
10/1/16,16243.304,4.9,97.925,1.27,241.741
11/1/16,16286.542,4.7,98.09,1.6,242.026
12/1/16,16334.247,4.7,98.78,1.96,242.637
1/1/17,16383.236,4.7,98.839,1.92,243.618
2/1/17,16431.536,4.6,98.892,1.9,244.006
3/1/17,16491.77,4.4,99.331,2.01,243.892
4/1/17,16521.43,4.4,99.364,1.82,244.193
5/1/17,16626.085,4.4,99.427,1.84,244.004
6/1/17,16642.946,4.3,99.745,1.77,244.163
7/1/17,16698.803,4.3,99.996,1.87,244.243
8/1/17,16729.216,4.4,100.008,1.78,245.183
9/1/17,16774.796,4.3,100.555,1.8,246.435
10/1/17,16841.324,4.2,100.65,1.98,246.626
11/1/17,16883.564,4.2,101.202,2.05,247.284
12/1/17,16919.258,4.1,101.992,2.18,247.805
1/1/18,16938.615,4,101.886,2.38,248.859
2/1/18,16963.881,4.1,101.931,2.6,249.529
3/1/18,17008.963,4,102.226,2.63,249.577
4/1/18,17028.008,4,102.318,2.7,250.227
5/1/18,17072.967,3.8,102.633,2.82,250.792
6/1/18,17140.662,4,102.732,2.78,251.018
7/1/18,17219.586,3.8,102.95,2.78,251.214
8/1/18,17282.357,3.8,103.167,2.77,251.663
9/1/18,17275.742,3.7,102.983,2.89,252.182
10/1/18,17300.819,3.8,103.284,3,252.772
11/1/18,17339.645,3.8,103.835,2.95,252.594
12/1/18,17538.653,3.9,102.947,2.68,252.767
1/1/19,17612.196,4,103.243,2.54,252.561
2/1/19,17652.296,3.8,103.294,2.49,253.319
3/1/19,17683.871,3.8,104.019,2.37,254.277
4/1/19,17673.034,3.7,104.028,2.33,255.233
5/1/19,17679.59,3.6,104.413,2.19,255.296
6/1/19,17707.372,3.6,104.766,1.83,255.213
7/1/19,17701.297,3.7,105.261,1.83,255.802
8/1/19,17779.85,3.6,105.665,1.49,256.036
9/1/19,17812.342,3.5,105.836,1.57,256.43
10/1/19,17847.211,3.6,105.843,1.53,257.155
11/1/19,17908.82,3.6,106.412,1.64,257.879
12/1/19,17826.208,3.6,106.584,1.68,258.63
1/1/20,17999.946,3.6,107.073,1.56,259.127
2/1/20,18077.882,3.5,106.702,1.32,259.25
3/1/20,17829.921,4.4,99.687,0.59,258.076
4/1/20,19985.052,14.8,88.774,0.39,256.032
5/1/20,19138.808,13.2,96.162,0.34,255.802
6/1/20,19132.418,11,101.401,0.34,257.042
7/1/20,19315.344,10.2,102.956,0.28,258.352
8/1/20,18687.291,8.4,103.78,0.27,259.316
9/1/20,18807.121,7.8,105.071,0.27,259.997
10/1/20,18795.411,6.9,105.391,0.34,260.319
11/1/20,18640.614,6.7,105.114,0.39,260.911
12/1/20,18677.122,6.7,105.538,0.39,262.045
1/1/21,20562.164,6.4,106.878,0.45,262.687
2/1/21,19073.36,6.2,105.895,0.54,263.579
3/1/21,22918.422,6.1,110.454,0.82,264.961
4/1/21,19859.6,6.1,111.327,0.86,266.614
5/1/21,19385.541,5.8,111.142,0.82,268.383
6/1/21,19316.247,5.9,112.053,0.84,270.654
7/1/21,19435.463,5.4,111.876,0.76,271.903
8/1/21,19407.737,5.1,112.637,0.77,272.676
9/1/21,19234.211,4.7,112.79,0.86,273.91
10/1/21,19258.34,4.5,113.505,1.11,276.55
11/1/21,19227.878,4.1,113.734,1.2,278.919
12/1/21,19170.498,3.9,113.307,1.23,280.845
1/1/22,19062.795,4,113.372,1.54,282.543
2/1/22,19079.074,3.9,113.448,1.81,284.5
3/1/22,18998.629,3.7,114.041,2.11,287.674
4/1/22,19006.44,3.7,114.632,2.78,288.561
5/1/22,18963.136,3.6,114.473,2.87,291.298
6/1/22,18871.331,3.6,114.544,3.19,294.957
7/1/22,19050.186,3.5,114.646,2.96,294.913
8/1/22,19115.806,3.6,115.268,3.03,295.097
9/1/22,19158.931,3.5,115.348,3.7,296.349
10/1/22,19196.543,3.6,115.556,4.18,298.007
11/1/22,19205.667,3.6,115.247,4.06,298.786
12/1/22,19259.807,3.5,115.146,3.76,298.832
1/1/23,19295.401,3.5,116.635,3.64,300.42
2/1/23,19362.608,3.6,116.562,3.94,301.45
3/1/23,19448.229,3.5,116.578,3.82,301.821
4/1/23,19474.528,3.4,116.938,3.54,302.845
5/1/23,19532.638,3.6,116.888,3.59,303.334
6/1/23,19553.713,3.6,117.256,3.95,304.014
7/1/23,19596.868,3.5,117.816,4.14,304.609
8/1/23,19622.827,3.7,117.892,4.31,306.082
9/1/23,19628.768,3.7,118.043,4.49,307.276
10/1/23,19689.563,3.9,118.361,4.77,307.696
11/1/23,19785.645,3.7,118.783,4.49,308.148
12/1/23,19847.006,3.8,119.267,4,308.741
1/1/24,19932.436,3.7,118.833,3.98,309.698
2/1/24,19963.623,3.9,119.356,4.19,310.967
3/1/24,19992.037,3.9,119.756,4.2,312.345
4/1/24,20018.113,3.9,119.974,4.56,313.023
5/1/24,20111.997,3.9,120.53,4.5,313.175
6/1/24,20158.9,4.1,120.87,4.32,313.044
7/1/24,20164.512,4.2,121.317,4.16,313.569
8/1/24,20189.814,4.2,121.482,3.71,314.062
9/1/24,20216.213,4.1,122.1,3.5,314.732
10/1/24,20263.282,4.1,122.25,3.91,315.631
11/1/24,20316.65,4.2,122.639,4.23,316.528
12/1/24,20338.298,4.1,123.512,4.25,317.604
1/1/25,20388.396,4,122.767,4.43,318.961
2/1/25,20413.875,4.2,122.62,4.28,319.679
3/1/25,20547.128,4.2,123.575,4.04,319.785
4/1/25,20658.839,4.2,123.748,3.91,320.302
5/1/25,20514.16,4.3,123.575,4.02,320.62
6/1/25,20494.762,4.1,123.894,3.96,321.435
7/1/25,20596.762,4.3,124.505,3.95,322.169
8/1/25,20643.762,4.3,124.869,3.79,323.291
9/1/25,20670.742,4.4,125.007,3.66,324.245
10/1/25,20618.545,,125.271,3.65,
11/1/25,20621.089,4.5,125.394,3.67,325.063
12/1/25,20597.318,4.4,125.507,3.7,326.031
1/1/26,20624.705,4.3,125.265,3.78,326.588
2/1/26,20532.547,4.4,125.537,3.68,327.46
3/1/26,20505.57,4.3,125.879,3.85,330.293
4/1/26,20440.51,4.3,126.13,3.94,332.407
5/1/26,20483.483,4.3,126.597,4.15,333.979
6/1/26,20539.266,4.2,127.157,4.21,332.568
7/1/26,20594.712,4.1,127.167,4.33,332.813